<?xml version="1.0" encoding="UTF-8"?>
<!DOCTYPE fontscolors PUBLIC "-//NetBeans//DTD Editor Fonts and Colors settings 1.1//EN" "http://www.netbeans.org/dtds/EditorFontsColors-1_1.dtd">
<fontscolors>
    <fontcolor default="identifier" foreColor="ff6699ff" name="argument"/>
    <fontcolor default="default" foreColor="ffbf9221" name="sgml-declaration"/>
    <fontcolor default="default" name="text"/>
    <fontcolor name="mod-method">
        <font style="bold"/>
    </fontcolor>
    <fontcolor bgColor="red" default="error" foreColor="white" name="error"/>
    <fontcolor bgColor="ffe3f2e1" default="default" name="css-embedded"/>
    <fontcolor default="comment" foreColor="gray" name="sgml-comment"/>
    <fontcolor default="default" foreColor="ff99ccff" name="tag"/>
    <fontcolor default="whitespace" name="ws"/>
    <fontcolor default="operator" foreColor="ff66ccff" name="operator"/>
    <fontcolor default="char" foreColor="ffffcc66" name="character"/>
    <fontcolor bgColor="ffe3f2e1" default="default" name="javascript-embedded"/>
    <fontcolor default="default" foreColor="ffccffcc" name="value"/>
    <fontcolor default="comment" foreColor="yellow" name="block-comment"/>
</fontscolors>
