<?xml version="1.0" encoding="UTF-8"?>
<!DOCTYPE fontscolors PUBLIC "-//NetBeans//DTD Editor Fonts and Colors settings 1.1//EN" "http://www.netbeans.org/dtds/EditorFontsColors-1_1.dtd">
<fontscolors>
    <fontcolor default="separator" name="brace"/>
    <fontcolor bgColor="darkGray" name="mark-occurrences"/>
    <fontcolor foreColor="blue" name="mod-custom2">
        <font style="italic"/>
    </fontcolor>
    <fontcolor default="default" name="whitespace"/>
    <fontcolor default="default" name="default"/>
    <fontcolor default="operator" name="operator"/>
    <fontcolor default="comment" name="comment"/>
    <fontcolor default="number" foreColor="fff78531" name="hash"/>
    <fontcolor foreColor="ff94a4b7" name="mod-method">
        <font style="bold"/>
    </fontcolor>
    <fontcolor default="keyword" name="keyword"/>
    <fontcolor default="error" name="unknown"/>
    <fontcolor default="string" name="string"/>
    <fontcolor name="mod-custom1"/>
    <fontcolor default="separator" name="separator"/>
    <fontcolor default="string" name="url"/>
    <fontcolor default="identifier" foreColor="ffd2b979" name="identifier"/>
    <fontcolor default="number" name="number"/>
</fontscolors>
