<?xml version="1.0" encoding="UTF-8"?>
<!DOCTYPE fontscolors PUBLIC "-//NetBeans//DTD Editor Fonts and Colors settings 1.1//EN" "http://www.netbeans.org/dtds/EditorFontsColors-1_1.dtd">
<fontscolors>
    <fontcolor name="error" underline="ffff3333"/>
    <fontcolor foreColor="ffccffff" name="char"/>
    <fontcolor foreColor="ff0099ff" name="keyword"/>
    <fontcolor name="whitespace"/>
    <fontcolor foreColor="yellow" name="number"/>
    <fontcolor default="keyword" name="markup-element"/>
    <fontcolor name="operator"/>
    <fontcolor default="identifier" name="field"/>
    <fontcolor bgColor="ff0d1622" foreColor="white" name="default">
        <font name="Monaco" size="14" style="bold"/>
    </fontcolor>
    <fontcolor foreColor="ff99ff99" name="string"/>
    <fontcolor default="string" name="markup-attribute-value"/>
    <fontcolor default="default" name="entity-reference"/>
    <fontcolor default="identifier" name="method"/>
    <fontcolor foreColor="ffccffcc" name="comment"/>
    <fontcolor name="identifier"/>
    <fontcolor name="separator"/>
    <fontcolor default="field" name="markup-attribute"/>
</fontscolors>
